抽せん日,予測1,信頼度1,出力元1,予測2,信頼度2,出力元2,予測3,信頼度3,出力元3,予測4,信頼度4,出力元4,予測5,信頼度5,出力元5
1994-12-16,"4,4,0",0.91,Synthetic,"4,8,9",0.9676,Self,"1,7,9",0.9675,Self,"5,8,9",0.938,PPO,"3,6,8",0.9341,PPO
1994-12-23,"4,2,6",0.91,Synthetic,"4,8,9",0.9676,Self,"1,7,9",0.9675,Self,"5,7,8",0.9377,PPO,"5,6,9",0.9343,PPO
1994-12-30,"3,4,7",0.91,Synthetic,"4,8,9",0.9677,Self,"1,7,9",0.9676,Self,"4,5,7",0.9674,Self,"2,7,8",0.9347,PPO
1995-01-06,"3,2,9",0.91,Synthetic,"4,8,9",0.9678,Self,"1,7,9",0.9677,Self,"4,5,7",0.9674,Self,"4,6,8",0.9379,PPO
1995-01-10,"8,4,3",0.91,Synthetic,"1,7,9",0.9678,Self,"4,5,7",0.9676,Self,,,,,,
1995-01-13,"1,1,9",0.91,Synthetic,"4,8,9",0.9687,Self,"4,5,7",0.9676,Self,"2,7,8",0.9392,PPO,"3,6,8",0.9379,PPO
1995-01-17,"1,7,9",0.969,Self,"4,5,7",1.0034,Unknown,"4,8,9",0.9688,Self,"3,6,9",0.9349,PPO,"2,5,8",0.6422,Unknown
1995-01-20,"4,5,7",0.9687,Self,"1,8,9",0.9394,PPO,"0,6,9",0.9383,PPO,"5,6,8",0.9342,PPO,,,
1995-01-24,"4,5,7",0.9687,Self,"2,5,8",1.0043,Unknown,"4,6,7",0.9384,PPO,"3,7,9",0.9355,PPO,"3,5,8",0.6455,Unknown
1995-01-27,"4,5,7",0.9688,Self,"2,5,8",0.9689,Self,"2,4,9",0.9361,PPO,"3,6,9",0.935,PPO,,,
1995-01-31,"1,7,9",0.9357,PPO,"5,5,8",1.0042,Unknown,"2,5,8",0.9691,Self,"4,5,7",0.9689,Self,"3,6,9",0.9392,PPO
1995-02-03,"4,5,7",0.9355,PPO,"1,5,9",1.0072,Unknown,"2,5,8",0.9701,Self,"2,6,7",0.9395,PPO,"1,6,9",0.9352,PPO
1995-02-07,"0,7,8",0.9393,PPO,"1,5,9",0.9704,Self,"4,5,7",0.9692,Self,"2,6,8",0.9394,PPO,"3,7,8",0.9393,PPO
1995-02-10,"4,5,7",0.9468,PPO,"1,5,9",0.9713,Self,"2,5,8",0.9703,Self,"5,7,8",0.9396,PPO,"2,6,9",0.9359,PPO
1995-02-14,"4,5,7",0.9692,Self,"4,5,8",0.9992,Forced3Match,"1,5,9",0.9714,Self,"2,6,7",0.9396,PPO,"1,7,8",0.9355,PPO
1995-02-17,"1,7,9",0.9404,PPO,"4,8,9",1.0082,Unknown,"2,5,8",0.9712,Self,"4,5,7",0.9701,Self,"3,6,7",0.9383,PPO
1995-02-21,"1,7,9",1.0014,Forced3Match,"4,8,9",0.9714,Self,"2,5,8",0.9713,Self,"4,5,7",0.9702,Self,"1,6,9",0.9358,PPO
1995-02-24,"2,5,8",0.9405,PPO,"7,8,9",1.0084,Unknown,"1,5,9",0.9718,Self,"4,8,9",0.9715,Self,"4,5,7",0.9703,Self
1995-02-28,"4,5,7",0.9704,Self,"5,8,9",1.0102,Unknown,"1,5,9",0.9726,Self,"4,8,9",0.9717,Self,"2,5,8",0.9714,Self
1995-03-03,"4,5,7",0.9712,Self,"1,5,9",0.9728,Self,"4,8,9",0.9726,Self,"2,5,8",0.9716,Self,,,
1995-03-07,"2,5,8",0.9375,PPO,"1,5,9",0.9729,Self,"4,8,9",0.9726,Self,"4,5,7",0.9714,Self,"3,6,8",0.9393,PPO
1995-03-10,"4,5,7",1.0023,Forced3Match,"1,5,9",0.9729,Self,"4,8,9",0.9726,Self,"2,5,8",0.9718,Self,"5,7,8",0.9372,PPO
1995-03-14,"4,5,7",0.9718,Self,"1,5,9",0.973,Self,"4,8,9",0.9727,Self,"2,5,8",0.9726,Self,"4,6,8",0.9355,PPO
1995-03-17,"1,5,9",0.938,PPO,"4,8,9",0.9727,Self,"2,5,8",0.9726,Self,"4,5,7",0.9718,Self,"1,7,8",0.9407,PPO
1995-03-21,"5,8,9",0.9414,PPO,"1,5,9",0.973,Self,"4,8,9",0.9728,Self,"4,5,7",0.9726,Self,"2,5,8",0.9726,Self
1995-03-24,"1,7,9",0.9414,PPO,"4,8,9",0.9728,Self,"4,5,7",0.9726,Self,"2,5,8",0.9726,Self,,,
1995-03-28,"4,5,7",0.9728,Self,"1,6,8",1.0064,Unknown,"1,5,9",0.9731,Self,"4,8,9",0.9729,Self,"2,5,8",0.9727,Self
1995-03-31,"4,5,7",0.9728,Self,"3,8,9",1.0122,Unknown,"1,5,9",0.9739,Self,"4,8,9",0.973,Self,"2,5,8",0.9728,Self
1995-04-04,"0,7,8",0.9373,PPO,"5,7,8",1.0112,Unknown,"1,5,9",0.974,Self,"4,8,9",0.9739,Self,"4,5,7",0.9728,Self
1995-04-07,"4,5,7",0.973,Self,"1,5,9",0.9741,Self,"4,8,9",0.974,Self,"2,5,8",0.9731,Self,"5,6,9",0.9377,PPO
1995-04-11,"2,5,8",0.9416,PPO,"1,5,9",0.9741,Self,"4,8,9",0.9741,Self,"4,5,7",0.9731,Self,"5,6,7",0.9407,PPO
1995-04-14,"4,5,7",0.9739,Self,"4,8,9",0.9743,Self,"1,5,9",0.9741,Self,"4,5,8",0.974,Self,"1,6,9",0.9409,PPO
1995-04-18,"4,5,7",0.9739,Self,"4,8,9",0.9744,Self,"2,5,8",0.9742,Self,"1,5,9",0.9741,Self,"2,6,8",0.9375,PPO
1995-04-21,"4,5,8",0.9384,PPO,"6,7,9",1.0104,Unknown,"4,8,9",0.9752,Self,"1,5,9",0.9742,Self,"3,4,6",0.6259,Unknown
1995-04-25,"1,6,8",0.9372,PPO,"0,7,9",1.0134,Unknown,"4,8,9",0.9753,Self,"2,5,8",0.9744,Self,"1,5,9",0.9743,Self
1995-04-28,"4,5,7",0.9741,Self,"2,8,9",1.0163,Unknown,"2,5,8",0.9744,Self,"1,5,9",0.9744,Self,"3,4,8",0.9419,PPO
1995-05-02,"4,5,7",0.9503,PPO,"4,8,9",0.9756,Self,"2,5,8",0.9753,Self,"1,5,9",0.9752,Self,,,
1995-05-05,"4,5,7",0.9741,Self,"4,8,9",0.9766,Self,"2,5,8",0.9754,Self,"1,5,9",0.9754,Self,,,
1995-05-09,"1,5,9",0.9432,PPO,"4,6,7",1.0103,Unknown,"2,5,8",0.9756,Self,"4,5,7",0.9741,Self,"4,6,8",0.9412,PPO
1995-05-12,"1,5,9",0.939,PPO,"4,8,9",0.9767,Self,"2,5,8",0.9756,Self,"4,5,7",0.9743,Self,,,
1995-05-16,"6,7,9",0.9421,PPO,"4,8,9",0.9768,Self,"2,5,8",0.9757,Self,"1,5,9",0.9754,Self,"7,8,9",0.9522,PPO
1995-05-19,"4,5,7",0.9744,Self,"4,8,9",0.9769,Self,"2,5,8",0.9766,Self,"1,5,9",0.9754,Self,"1,6,9",0.9417,PPO
1995-05-23,"0,7,9",0.9397,PPO,"4,8,9",0.9769,Self,"2,5,8",0.9766,Self,"1,5,9",0.9755,Self,"5,6,7",0.9379,PPO
1995-05-26,"4,5,8",0.9391,PPO,"4,8,9",0.9779,Self,"1,5,9",0.9756,Self,"4,5,7",0.9753,Self,"3,7,8",0.9392,PPO
1995-05-30,"4,5,7",0.9753,Self,"2,7,8",1.0193,Unknown,"4,8,9",0.9779,Self,"1,5,9",0.9756,Self,,,
1995-06-02,"4,5,7",0.9754,Self,"4,8,9",0.978,Self,"2,5,8",0.9779,Self,"1,5,9",0.9756,Self,"3,7,8",0.9394,PPO
1995-06-06,"4,5,7",0.9754,Self,"3,6,8",1.0132,Unknown,"4,8,9",0.9782,Self,"2,5,8",0.978,Self,"1,5,9",0.9765,Self
1995-06-09,"1,5,9",0.9436,PPO,"4,8,9",0.9783,Self,"2,5,8",0.9781,Self,"4,5,7",0.9754,Self,,,
1995-06-13,"3,6,8",0.9389,PPO,"4,8,9",0.9791,Self,"2,5,8",0.9782,Self,"1,5,9",0.9765,Self,"4,5,7",0.9754,Self
1995-06-16,"5,8,9",0.9446,PPO,"0,8,9",1.0204,Unknown,"2,5,8",0.9782,Self,"1,5,9",0.9766,Self,"4,5,7",0.9755,Self
1995-06-20,"4,5,7",0.9755,Self,"4,8,9",0.9794,Self,"2,5,8",0.9783,Self,"1,5,9",0.9767,Self,"3,6,7",0.942,PPO
1995-06-23,"0,7,8",0.9526,PPO,"4,8,9",0.9795,Self,"1,5,9",0.9768,Self,"4,5,7",0.9757,Self,"3,7,8",0.9442,PPO
1995-06-27,"1,6,8",0.9421,PPO,"4,8,9",0.9795,Self,"2,5,8",0.9794,Self,"1,5,9",0.9769,Self,"4,5,7",0.9766,Self
1995-06-30,"4,8,9",0.9452,PPO,"2,5,8",0.9796,Self,"1,5,9",0.9778,Self,"4,5,7",0.9767,Self,"3,4,8",0.9442,PPO
1995-07-04,"4,8,9",0.9452,PPO,"2,5,8",0.9804,Self,"1,5,9",0.9778,Self,"4,5,7",0.9767,Self,"3,8,9",0.9409,PPO
1995-07-07,"4,6,7",0.943,PPO,"2,5,8",0.9807,Self,"1,5,9",0.9779,Self,"4,5,7",0.9768,Self,"3,8,9",0.9411,PPO
1995-07-11,"3,6,8",0.9435,PPO,"2,5,8",0.9816,Self,"4,8,9",0.9804,Self,"1,5,9",0.9781,Self,"4,5,7",0.9769,Self
1995-07-14,"0,7,8",0.9446,PPO,"4,8,9",0.9804,Self,"1,5,9",0.9783,Self,"4,5,7",0.977,Self,"3,4,9",0.9446,PPO
1995-07-18,"2,8,9",0.9566,PPO,"2,5,8",0.9819,Self,"1,5,9",0.9791,Self,"4,5,7",0.9779,Self,"3,4,8",0.9444,PPO
1995-07-21,"3,6,8",0.9435,PPO,"3,6,9",1.0173,Unknown,"2,5,8",0.982,Self,"4,8,9",0.9805,Self,"1,5,9",0.9792,Self
1995-07-25,"2,7,8",0.9469,PPO,"4,8,9",0.9806,Self,"1,5,9",0.9793,Self,"4,5,7",0.9779,Self,"5,6,8",0.9398,PPO
1995-07-28,"7,8,9",1.0158,Forced3Match,"2,5,8",0.982,Self,"4,8,9",0.9806,Self,"1,5,9",0.9794,Self,"4,5,7",0.9779,Self
1995-08-01,"4,5,7",0.978,Self,"2,5,8",0.9821,Self,"4,8,9",0.9808,Self,"1,5,9",0.9795,Self,"1,8,9",0.9415,PPO
1995-08-04,"0,7,8",0.9535,PPO,"4,8,9",0.9816,Self,"1,5,9",0.9796,Self,"4,5,7",0.9782,Self,"1,8,9",0.9457,PPO
1995-08-08,"3,6,8",0.9398,PPO,"2,5,8",0.983,Self,"4,8,9",0.9817,Self,"1,5,9",0.9804,Self,"4,5,7",0.9791,Self
1995-08-11,"1,7,9",0.9454,PPO,"2,5,8",0.9832,Self,"4,8,9",0.9818,Self,"4,5,7",0.9791,Self,"4,6,8",0.9401,PPO
1995-08-15,"2,7,9",1.02,Forced3Match,"2,5,8",0.9834,Self,"4,8,9",0.9819,Self,"1,5,9",0.9804,Self,"7,8,9",0.9422,PPO
1995-08-18,"3,6,8",0.9444,PPO,"2,5,8",0.9842,Self,"4,8,9",0.982,Self,"1,5,9",0.9805,Self,"4,5,7",0.9792,Self
1995-08-22,"5,8,9",0.9472,PPO,"2,5,8",0.9843,Self,"4,8,9",0.9821,Self,"1,5,9",0.9806,Self,"4,5,7",0.9793,Self
1995-08-25,"6,7,9",0.945,PPO,"2,5,8",0.9843,Self,"4,8,9",0.9821,Self,"1,5,9",0.9807,Self,"3,6,7",0.9398,PPO
1995-08-29,"4,6,7",0.944,PPO,"2,5,8",0.9846,Self,"1,5,9",0.9807,Self,"4,5,7",0.9793,Self,"1,7,8",0.9415,PPO
1995-09-01,"0,7,8",0.9458,PPO,"4,8,9",0.9831,Self,"1,5,9",0.9808,Self,"4,5,7",0.9793,Self,,,
1995-09-05,"5,7,8",0.9459,PPO,"2,5,8",0.9847,Self,"4,8,9",0.9833,Self,"1,5,9",0.9816,Self,"4,5,7",0.9795,Self
1995-09-08,"3,6,9",0.945,PPO,"2,5,8",0.9847,Self,"4,8,9",0.9834,Self,"1,5,9",0.9817,Self,"4,5,7",0.9804,Self
1995-09-12,"3,6,9",0.945,PPO,"2,5,8",0.9857,Self,"4,8,9",0.9843,Self,"1,5,9",0.9817,Self,"4,5,7",0.9804,Self
1995-09-15,"4,8,9",0.9479,PPO,"4,6,8",1.0223,Unknown,"2,5,8",0.9857,Self,"1,5,9",0.9817,Self,"4,5,7",0.9805,Self
1995-09-19,"4,5,7",0.9806,Self,"2,5,8",0.9858,Self,"4,8,9",0.9845,Self,"1,5,9",0.9817,Self,"1,3,4",0.6002,Unknown
1995-09-22,"1,5,9",0.9467,PPO,"2,5,8",0.9858,Self,"4,8,9",0.9845,Self,"4,5,7",0.9807,Self,,,
1995-09-26,"6,7,9",1.0158,Forced3Match,"2,5,8",0.9858,Self,"4,8,9",0.9846,Self,"1,5,9",0.9818,Self,"4,6,8",0.9456,PPO
1995-09-29,"4,6,7",0.941,PPO,"2,5,8",0.9858,Self,"1,5,9",0.9819,Self,"4,5,7",0.9816,Self,"3,5,8",0.947,PPO
1995-10-03,"1,6,8",1.0156,Forced3Match,"2,5,8",0.9859,Self,"4,8,9",0.9856,Self,"1,5,9",0.982,Self,"4,5,7",0.9816,Self
1995-10-06,"4,5,7",0.9816,Self,"2,5,8",0.986,Self,"4,8,9",0.9857,Self,"1,5,9",0.9821,Self,"1,7,8",0.9428,PPO
1995-10-10,"1,7,9",0.943,PPO,"2,5,8",0.9868,Self,"4,8,9",0.9858,Self,"4,5,7",0.9818,Self,"7,8,9",0.9449,PPO
1995-10-13,"4,5,7",0.9818,Self,"2,5,8",0.9868,Self,"4,8,9",0.9859,Self,"1,5,9",0.9832,Self,"3,7,8",0.9479,PPO
1995-10-17,"0,7,8",0.943,PPO,"4,8,9",0.986,Self,"1,5,9",0.9833,Self,"4,5,7",0.9818,Self,"1,3,4",0.5959,Unknown
1995-10-20,"2,5,8",0.949,PPO,"4,4,9",1.0284,Unknown,"1,5,9",0.9833,Self,"4,5,7",0.9818,Self,"1,7,8",0.9479,PPO
1995-10-24,"3,6,8",0.9471,PPO,"4,8,9",0.987,Self,"2,5,8",0.9868,Self,"1,5,9",0.9834,Self,"4,5,7",0.982,Self
1995-10-27,"4,5,7",0.982,Self,"4,8,9",0.9873,Self,"2,5,8",0.987,Self,"1,5,9",0.9842,Self,"3,4,8",0.944,PPO
1995-10-31,"2,6,9",0.945,PPO,"2,5,8",0.9872,Self,"1,5,9",0.9843,Self,"4,5,7",0.9821,Self,"1,8,9",0.945,PPO
1995-11-03,"3,6,8",0.9474,PPO,"2,5,8",0.9873,Self,"4,8,9",0.9873,Self,"1,5,9",0.9845,Self,"4,5,7",0.983,Self
1995-11-07,"1,7,9",0.9446,PPO,"4,5,9",1.0304,Unknown,"4,8,9",0.9883,Self,"2,5,8",0.9874,Self,,,
1995-11-10,"6,7,9",0.9441,PPO,"4,8,9",0.9885,Self,"2,5,8",0.9882,Self,"1,5,9",0.9856,Self,"1,7,8",0.9484,PPO
1995-11-14,"2,7,8",0.9508,PPO,"4,8,9",0.9885,Self,"1,5,9",0.9857,Self,"4,5,7",0.9833,Self,"3,4,9",0.9489,PPO
1995-11-17,"0,7,9",0.949,PPO,"4,8,9",0.9894,Self,"2,5,8",0.9885,Self,"1,5,9",0.9857,Self,"2,4,6",0.5843,Unknown
1995-11-21,"7,8,9",0.951,PPO,"4,8,9",0.9894,Self,"2,5,8",0.9885,Self,"1,5,9",0.9858,Self,"4,5,7",0.9834,Self
1995-11-24,"4,5,7",0.9834,Self,"4,8,9",0.9895,Self,"2,5,8",0.9885,Self,"1,5,9",0.986,Self,,,
1995-11-28,"4,5,7",0.9834,Self,"4,8,9",0.9896,Self,"2,5,8",0.9886,Self,"1,5,9",0.986,Self,"5,6,8",0.9439,PPO
1995-12-01,"4,5,9",0.9491,PPO,"4,8,9",0.9897,Self,"2,5,8",0.9895,Self,"1,5,9",0.986,Self,"3,5,8",0.9444,PPO
1995-12-05,"3,6,8",0.9482,PPO,"4,8,9",0.9898,Self,"2,5,8",0.9897,Self,"1,5,9",0.9868,Self,"4,5,7",0.9843,Self
1995-12-08,"5,7,8",0.9448,PPO,"4,8,9",0.9899,Self,"2,5,8",0.9897,Self,"1,5,9",0.9871,Self,"4,5,7",0.9843,Self
1995-12-12,"4,6,7",0.9474,PPO,"2,5,8",0.9899,Self,"1,5,9",0.9872,Self,"4,5,7",0.9844,Self,"3,6,7",0.9423,PPO
1995-12-15,"4,5,7",0.9845,Self,"2,5,8",0.9907,Self,"4,8,9",0.9907,Self,"1,5,9",0.9873,Self,"2,4,6",0.5752,Unknown
1995-12-19,"4,5,8",0.9493,PPO,"4,4,7",1.0294,Unknown,"1,5,9",0.9874,Self,"4,5,7",0.9846,Self,"3,4,9",0.9494,PPO
1995-12-22,"2,6,9",0.9513,PPO,"2,5,8",0.9907,Self,"1,5,9",0.9874,Self,"4,5,7",0.9856,Self,"1,6,8",0.9488,PPO
1995-12-26,"6,8,9",0.951,PPO,"2,5,8",0.9909,Self,"1,5,9",0.9882,Self,"4,5,7",0.9857,Self,"3,6,8",0.9486,PPO
1995-12-29,"1,6,9",0.9449,PPO,"3,6,6",1.0169,Forced3Match,"2,5,8",0.9909,Self,"4,8,9",0.9909,Self,"1,5,9",0.9882,Self
1996-01-05,"2,5,8",0.9517,PPO,"2,5,9",1.0311,Forced3Match,"4,8,9",0.9909,Self,"1,5,9",0.9882,Self,"5,6,9",0.9452,PPO
1996-01-09,"3,6,8",0.9489,PPO,"2,5,8",0.9911,Self,"4,8,9",0.991,Self,"1,5,9",0.9884,Self,"4,5,7",0.986,Self
1996-01-12,"2,5,9",1.0322,Forced3Match,"2,5,8",0.9912,Self,"4,8,9",0.991,Self,"1,5,9",0.9885,Self,"5,6,8",0.9452,PPO
1996-01-16,"4,6,8",0.9493,PPO,"2,5,8",0.9921,Self,"4,8,9",0.9911,Self,"1,5,9",0.9894,Self,"4,5,7",0.9869,Self
1996-01-19,"2,7,8",0.962,PPO,"3,4,9",1.0354,Unknown,"4,8,9",0.9911,Self,"1,5,9",0.9895,Self,"4,5,7",0.987,Self
1996-01-23,"4,5,8",1.0271,Forced3Match,"4,8,9",0.9913,Self,"1,5,9",0.9896,Self,"4,5,7",0.9871,Self,"5,6,7",0.9489,PPO
1996-01-26,"2,7,9",0.9633,PPO,"2,5,8",0.9924,Self,"4,8,9",0.9922,Self,"1,5,9",0.9897,Self,,,
1996-01-30,"3,6,8",1.0251,Forced3Match,"2,5,8",0.9925,Self,"4,8,9",0.9922,Self,"1,5,9",0.9899,Self,"4,5,7",0.9874,Self
1996-02-02,"4,5,9",0.9517,PPO,"2,5,8",0.9926,Self,"4,8,9",0.9923,Self,"1,5,9",0.9899,Self,"1,8,9",0.9472,PPO
1996-02-06,"1,7,9",0.9463,PPO,"2,5,8",0.9926,Self,"4,8,9",0.9925,Self,"4,5,7",0.9882,Self,"3,7,8",0.9509,PPO
1996-02-09,"2,6,9",0.9525,PPO,"2,5,8",0.9934,Self,"1,5,9",0.9908,Self,"4,5,7",0.9882,Self,,,
1996-02-13,"3,8,9",0.9526,PPO,"5,5,8",1.0301,Forced3Match,"2,5,8",0.9935,Self,"4,8,9",0.9926,Self,"1,5,9",0.9909,Self
1996-02-16,"4,6,7",0.9491,PPO,"2,5,8",0.9938,Self,"1,5,9",0.9911,Self,"4,5,7",0.9885,Self,"1,8,9",0.9477,PPO
1996-02-20,"3,4,9",0.9516,PPO,"2,5,8",0.9939,Self,"4,8,9",0.9934,Self,"1,5,9",0.9911,Self,"4,5,7",0.9885,Self
1996-02-23,"3,6,8",0.9509,PPO,"2,5,8",0.9948,Self,"4,8,9",0.9935,Self,"1,5,9",0.9921,Self,"4,5,7",0.9894,Self
1996-02-27,"4,5,7",0.9509,PPO,"2,5,8",0.995,Self,"4,8,9",0.9936,Self,"1,5,9",0.9921,Self,"5,6,9",0.9471,PPO
1996-03-01,"2,6,9",1.0343,Forced3Match,"2,5,8",0.995,Self,"1,5,9",0.9922,Self,"4,5,7",0.9894,Self,"2,4,6",0.5582,Unknown
1996-03-05,"4,5,8",0.9913,Self,"4,8,9",0.9937,Self,"1,5,9",0.9923,Self,"4,5,7",0.9894,Self,,,
1996-03-08,"2,8,9",0.9555,PPO,"2,5,8",0.9951,Self,"1,5,9",0.9923,Self,"4,5,7",0.9894,Self,"5,8,9",0.9544,PPO
1996-03-12,"2,5,9",1.0383,Forced3Match,"2,5,8",0.9952,Self,"4,8,9",0.9939,Self,"1,5,9",0.9924,Self,"2,6,8",0.9531,PPO
1996-03-15,"3,6,8",0.9514,PPO,"1,8,9",1.0434,Unknown,"2,5,8",0.9961,Self,"4,8,9",0.9947,Self,"1,5,9",0.9926,Self
1996-03-19,"2,5,9",0.9498,PPO,"2,5,8",0.9962,Self,"4,8,9",0.9949,Self,"1,5,9",0.9935,Self,"5,6,7",0.9461,PPO
1996-03-22,"4,6,8",0.9517,PPO,"2,5,8",0.9963,Self,"4,8,9",0.9951,Self,"1,5,9",0.9938,Self,"4,5,7",0.9899,Self
1996-03-26,"7,8,9",0.9543,PPO,"2,5,8",0.9964,Self,"4,8,9",0.9951,Self,"1,5,9",0.9939,Self,"4,5,7",0.9907,Self
1996-03-29,"3,7,9",0.9524,PPO,"3,7,8",1.0385,Unknown,"2,5,8",0.9965,Self,"4,8,9",0.9952,Self,"4,5,7",0.9909,Self
1996-04-02,"4,5,8",0.9937,Self,"4,8,9",0.996,Self,"1,5,9",0.9947,Self,"4,5,7",0.991,Self,"3,7,8",0.5481,Unknown
1996-04-05,"3,4,9",0.9528,PPO,"4,6,9",1.0415,Unknown,"2,5,8",0.9973,Self,"1,5,9",0.9947,Self,"4,5,7",0.9912,Self
1996-04-09,"4,5,9",1.0365,Forced3Match,"2,5,8",0.9973,Self,"4,8,9",0.9962,Self,"1,5,9",0.9948,Self,"1,8,9",0.9489,PPO
1996-04-12,"6,8,9",0.9491,PPO,"2,5,8",0.9974,Self,"1,5,9",0.995,Self,"4,5,7",0.9922,Self,"4,6,8",0.9474,PPO
1996-04-16,"7,8,9",0.9549,PPO,"6,6,7",1.0355,Unknown,"2,5,8",0.9996,Self,"1,5,9",0.9952,Self,"4,5,7",0.9923,Self
1996-04-19,"0,8,9",0.9551,PPO,"2,5,8",0.9996,Self,"1,5,9",0.9952,Self,"4,5,7",0.9924,Self,"2,6,8",0.949,PPO
1996-04-23,"4,6,8",0.9479,PPO,"4,8,9",1.0484,Unknown,"2,5,8",0.9996,Self,"1,5,9",0.9952,Self,"4,5,7",0.9926,Self
1996-04-26,"3,7,8",0.9475,PPO,"2,5,8",1.0017,Self,"4,8,9",0.9996,Self,"1,5,9",0.996,Self,"4,5,7",0.9934,Self
1996-04-30,"3,5,8",1.0353,Forced3Match,"2,5,8",1.0017,Self,"4,8,9",0.9996,Self,"1,5,9",0.996,Self,"4,5,7",0.9934,Self
1996-05-03,"4,5,8",0.9961,Self,"4,8,9",1.0017,Self,"1,5,9",0.9961,Self,"4,5,7",0.9935,Self,"3,6,7",0.9466,PPO
1996-05-07,"4,5,8",0.9548,PPO,"4,8,9",1.0017,Self,"1,5,9",0.9961,Self,"4,5,7",0.9935,Self,"5,6,9",0.9551,PPO
1996-05-10,"6,8,9",0.9497,PPO,"2,5,8",1.0129,Self,"1,5,9",0.9961,Self,"4,5,7",0.9936,Self,"3,8,9",0.9555,PPO
1996-05-14,"1,6,9",0.9531,PPO,"1,7,9",1.0435,Unknown,"2,5,8",1.015,Self,"4,8,9",1.0038,Self,"4,5,7",0.9938,Self
1996-05-17,"3,6,8",0.948,PPO,"2,5,8",1.015,Self,"4,8,9",1.0066,Self,"1,5,9",0.9964,Self,"4,5,7",0.9939,Self
1996-05-21,"3,7,9",0.9546,PPO,"2,5,8",1.0178,Self,"4,8,9",1.0066,Self,"4,5,7",0.9939,Self,"5,7,8",0.9547,PPO
1996-05-24,"4,5,8",0.955,PPO,"4,8,9",1.0108,Self,"1,5,9",0.9975,Self,"4,5,7",0.9939,Self,"3,6,7",0.952,PPO
1996-05-28,"3,4,9",0.9551,PPO,"2,5,8",1.0199,Self,"4,8,9",1.0108,Self,"1,5,9",0.9996,Self,"4,5,7",0.9948,Self
1996-05-31,"2,5,9",1.0857,Forced3Match,"2,5,8",1.0199,Self,"4,8,9",1.0129,Self,"1,5,9",0.9996,Self,"7,8,9",0.9639,PPO
1996-06-04,"3,6,8",0.9482,PPO,"3,8,9",1.0584,Unknown,"2,5,8",1.0241,Self,"4,8,9",1.015,Self,"1,5,9",1.0038,Self
1996-06-07,"3,5,8",0.9495,PPO,"2,5,8",1.0262,Self,"4,8,9",1.0199,Self,"1,5,9",1.0066,Self,"4,5,7",0.995,Self
1996-06-11,"1,6,9",0.9548,PPO,"2,5,8",1.0304,Self,"4,8,9",1.0241,Self,"1,5,9",1.0066,Self,"4,5,7",0.9951,Self
1996-06-14,"4,6,8",1.0365,Forced3Match,"2,5,8",1.0332,Self,"4,8,9",1.0241,Self,"1,5,9",1.0108,Self,"2,5,9",1.0052,PPO
1996-06-18,"1,8,9",1.0556,Forced3Match,"2,5,8",1.0353,Self,"4,8,9",1.0283,Self,"1,5,9",1.0108,Self,"4,5,7",0.996,Self
1996-06-21,"4,5,8",1.0087,Self,"4,8,9",1.0332,Self,"1,5,9",1.015,Self,"4,5,7",0.996,Self,,,
1996-06-25,"4,5,8",1.0108,Self,"4,8,9",1.0332,Self,"1,5,9",1.0178,Self,"4,5,7",0.9961,Self,"1,7,8",0.9543,PPO
1996-06-28,"2,5,9",1.015,PPO,"2,5,8",1.0395,Self,"4,8,9",1.0332,Self,"1,5,9",1.0199,Self,"5,8,9",0.9989,PPO
1996-07-02,"6,7,9",0.9555,PPO,"2,5,8",1.0416,Self,"4,8,9",1.0332,Self,"1,5,9",1.0199,Self,"5,6,8",0.9618,PPO
1996-07-05,"6,8,9",0.9828,PPO,"2,5,8",1.0416,Self,"1,5,9",1.022,Self,"4,5,7",0.9962,Self,"2,6,8",0.9765,PPO
1996-07-09,"4,6,8",0.9551,PPO,"2,5,8",1.0437,Self,"4,5,7",1.0383,Forced3Match,"4,8,9",1.0332,Self,"1,5,9",1.0262,Self
1996-07-12,"6,7,9",1.0444,Forced3Match,"2,5,8",1.0465,Self,"4,8,9",1.0353,Self,"1,5,9",1.0283,Self,"3,8,9",0.9863,PPO
1996-07-16,"4,8,9",0.9884,PPO,"2,5,8",1.0465,Self,"1,5,9",1.0304,Self,"4,5,7",0.9974,Self,"3,6,7",0.9487,PPO
1996-07-19,"6,7,9",0.966,PPO,"2,5,8",1.0507,Self,"4,8,9",1.0374,Self,"1,5,9",1.0353,Self,,,
1996-07-23,"6,7,9",1.0507,Forced3Match,"2,5,8",1.0549,Self,"1,5,9",1.0395,Self,"4,8,9",1.0395,Self,"3,6,9",0.9744,PPO
1996-07-26,"3,6,8",1.0416,Forced3Match,"2,5,8",1.0549,Self,"1,5,9",1.0416,Self,"4,8,9",1.0416,Self,"4,5,7",1.0038,Self
1996-07-30,"4,5,7",0.9569,PPO,"2,5,8",1.057,Self,"4,8,9",1.0437,Self,"1,5,9",1.0416,Self,"5,7,8",0.9758,PPO
1996-08-02,"4,5,8",1.0717,Forced3Match,"4,8,9",1.0437,Self,"1,5,9",1.0416,Self,"4,5,9",1.0045,PPO,"1,8,9",0.9884,PPO
1996-08-06,"4,5,7",1.0087,Self,"2,5,8",1.064,Self,"4,8,9",1.0486,Self,"1,5,9",1.0437,Self,"3,4,6",0.5352,Unknown
1996-08-09,"1,6,8",1.0416,Forced3Match,"2,5,8",1.064,Self,"4,8,9",1.0528,Self,"1,5,9",1.0437,Self,"4,5,7",1.0129,Self
1996-08-13,"4,5,7",0.9702,PPO,"2,5,8",1.0661,Self,"4,8,9",1.0549,Self,"1,5,9",1.0465,Self,"5,6,7",0.9611,PPO
1996-08-16,"4,5,8",1.0087,PPO,"0,8,9",1.1004,Unknown,"1,5,9",1.0465,Self,"4,5,7",1.0129,Self,"1,7,8",0.9576,PPO
1996-08-20,"3,4,9",1.0857,Forced3Match,"2,5,8",1.0703,Self,"4,8,9",1.0598,Self,"1,5,9",1.0486,Self,"4,5,7",1.0129,Self
1996-08-23,"4,5,7",1.015,Self,"5,8,9",1.1375,Unknown,"2,5,8",1.0703,Self,"4,8,9",1.064,Self,"1,5,9",1.0507,Self
1996-08-27,"4,5,7",1.0178,Self,"2,4,9",1.1284,Unknown,"2,5,8",1.0752,Self,"1,5,9",1.0549,Self,"5,6,7",0.9653,PPO
1996-08-30,"3,7,8",0.9765,PPO,"2,5,8",1.0773,Self,"4,8,9",1.0731,Self,"1,5,9",1.057,Self,"4,5,7",1.0199,Self
1996-09-03,"3,4,9",1.0997,Forced3Match,"2,5,8",1.0836,Self,"4,8,9",1.0773,Self,"1,5,9",1.057,Self,"4,5,7",1.0199,Self
1996-09-06,"4,5,7",1.022,Self,"2,5,8",1.0836,Self,"4,8,9",1.0815,Self,"1,5,9",1.0598,Self,"5,6,9",1.0178,PPO
1996-09-10,"0,8,9",1.0199,PPO,"2,5,8",1.0864,Self,"1,5,9",1.064,Self,"4,5,7",1.0262,Self,"2,6,8",1.015,PPO
1996-09-13,"3,8,9",1.05,PPO,"2,5,8",1.0906,Self,"4,8,9",1.0864,Self,"1,5,9",1.0661,Self,"4,5,7",1.0304,Self
1996-09-17,"1,7,9",0.9884,PPO,"2,5,8",1.0906,Self,"4,8,9",1.0906,Self,"4,5,7",1.0304,Self,"5,6,9",1.0283,PPO
1996-09-20,"4,8,9",1.0444,PPO,"2,5,8",1.0906,Self,"1,5,9",1.0752,Self,"4,5,7",1.0332,Self,"5,6,8",1.0052,PPO
1996-09-24,"3,6,8",0.9919,PPO,"4,8,9",1.0948,Self,"2,5,8",1.0927,Self,"1,5,9",1.0752,Self,"4,5,7",1.0374,Self
1996-09-27,"2,4,9",1.0535,PPO,"2,5,8",1.0948,Self,"5,6,6",1.0794,Unknown,"1,5,9",1.0773,Self,"4,5,7",1.0374,Self
1996-10-01,"4,6,9",1.0199,PPO,"2,5,8",1.0969,Self,"1,5,9",1.0794,Self,"4,5,7",1.0395,Self,"5,6,8",0.5586,Unknown
1996-10-04,"1,8,9",1.127,Forced3Match,"2,5,8",1.1018,Self,"4,8,9",1.0969,Self,"1,5,9",1.0815,Self,"4,5,9",1.0514,PPO
1996-10-08,"4,5,8",1.0262,PPO,"0,7,9",1.1025,Unknown,"4,8,9",1.1018,Self,"1,5,9",1.0864,Self,"4,6,8",1.001,PPO
1996-10-11,"3,7,8",0.9884,PPO,"2,7,8",1.1256,Unknown,"4,8,9",1.1039,Self,"1,5,9",1.0885,Self,"4,5,7",1.0416,Self
1996-10-15,"4,5,7",1.0437,Self,"2,5,8",1.1081,Self,"4,8,9",1.106,Self,"1,5,9",1.0885,Self,"1,7,8",0.9863,PPO
1996-10-18,"2,6,9",1.1501,Forced3Match,"2,5,8",1.1081,Self,"1,5,9",1.0885,Self,"5,8,9",1.0745,PPO,"4,5,7",1.0486,Self
1996-10-22,"4,5,7",1.0486,Self,"2,5,8",1.1102,Self,"4,8,9",1.1102,Self,"1,5,9",1.0906,Self,"3,4,8",1.0171,PPO
1996-10-25,"3,5,8",1.0241,PPO,"4,8,9",1.113,Self,"2,5,8",1.1102,Self,"1,5,9",1.0948,Self,"4,5,7",1.0507,Self
1996-10-29,"6,6,7",1.0626,Forced3Match,"2,5,8",1.1102,Self,"1,5,9",1.0969,Self,"4,5,7",1.0528,Self,"3,4,9",1.0367,PPO
1996-11-01,"4,5,7",1.0549,Self,"4,8,9",1.113,Self,"2,5,8",1.1102,Self,"1,5,9",1.0969,Self,"3,4,8",1.0136,PPO
1996-11-05,"4,5,8",1.0381,PPO,"4,8,9",1.1151,Self,"1,5,9",1.0997,Self,"4,5,7",1.0549,Self,"1,8,9",1.0514,PPO
1996-11-08,"4,5,8",1.05,PPO,"4,8,9",1.1151,Self,"1,5,9",1.1039,Self,"4,5,7",1.0549,Self,,,
1996-11-12,"3,8,9",1.1571,Forced3Match,"2,5,8",1.1151,Self,"4,8,9",1.1151,Self,"1,5,9",1.1081,Self,"2,7,9",1.0682,PPO
1996-11-15,"4,5,7",1.057,Self,"4,8,9",1.1193,Self,"2,5,8",1.1172,Self,"1,5,9",1.1102,Self,"1,7,8",0.574,Unknown
1996-11-19,"2,6,9",1.0766,PPO,"2,5,8",1.1172,Self,"1,7,8",1.1144,Unknown,"1,5,9",1.113,Self,"4,5,7",1.0598,Self
1996-11-22,"4,6,9",1.0514,PPO,"2,5,8",1.1193,Self,"1,5,9",1.1151,Self,"4,5,7",1.0619,Self,"3,6,9",1.0486,PPO
1996-11-26,"3,5,8",1.0444,PPO,"4,8,9",1.1263,Self,"2,5,8",1.1214,Self,"1,5,9",1.1172,Self,"4,5,7",1.0619,Self
1996-11-29,"4,5,7",1.0171,PPO,"4,8,9",1.1284,Self,"2,5,8",1.1235,Self,"1,5,9",1.1214,Self,"2,6,8",1.0514,PPO
1996-12-03,"4,8,9",1.0808,PPO,"2,5,8",1.1284,Self,"1,5,9",1.1214,Self,"4,5,7",1.0619,Self,"3,7,8",1.0213,PPO
1996-12-06,"3,8,9",1.0787,PPO,"2,5,8",1.1305,Self,"1,5,9",1.1284,Self,"4,8,9",1.1284,Self,"4,5,7",1.064,Self
1996-12-10,"4,5,8",1.0451,PPO,"1,5,9",1.1305,Self,"4,8,9",1.1284,Self,"4,5,7",1.0661,Self,"1,6,9",1.0598,PPO
1996-12-13,"2,4,9",1.0997,PPO,"2,5,8",1.1368,Self,"1,5,9",1.1305,Self,"4,5,7",1.0682,Self,"1,6,9",1.0598,PPO
1996-12-17,"4,8,9",1.0948,PPO,"2,5,8",1.1417,Self,"1,5,9",1.1347,Self,"4,5,7",1.0703,Self,,,
1996-12-20,"4,8,9",1.0829,PPO,"2,5,8",1.1417,Self,"1,5,9",1.1347,Self,"2,5,9",1.1193,PPO,,,
1996-12-24,"4,5,9",1.176,Forced3Match,"2,5,8",1.1438,Self,"1,5,9",1.1368,Self,"4,8,9",1.1305,Self,"7,8,9",1.0703,PPO
1996-12-27,"2,5,9",1.1193,PPO,"2,5,8",1.1459,Self,"1,5,9",1.1417,Self,"4,8,9",1.1347,Self,"2,6,8",1.0703,PPO
1997-01-07,"4,5,8",1.0598,PPO,"1,5,9",1.1417,Self,"4,8,9",1.1347,Self,"3,8,9",1.0871,PPO,"4,5,7",1.0794,Self
1997-01-10,"0,8,9",1.0787,PPO,"2,5,8",1.1501,Self,"1,5,9",1.1459,Self,"3,8,9",1.0871,PPO,"4,5,7",1.0794,Self
1997-01-14,"2,6,9",1.1039,PPO,"2,5,8",1.1529,Self,"1,5,9",1.1501,Self,"5,8,9",1.1004,PPO,"4,5,7",1.0836,Self
1997-01-17,"4,6,9",1.0577,PPO,"2,5,8",1.1571,Self,"1,5,9",1.1501,Self,"4,5,7",1.0864,Self,"3,6,9",1.0619,PPO
1997-01-21,"5,8,9",1.106,PPO,"2,5,8",1.1571,Self,"1,5,9",1.1501,Self,"4,8,9",1.1368,Self,"4,5,7",1.0864,Self
1997-01-24,"4,6,8",1.0367,PPO,"2,5,8",1.1571,Self,"1,5,9",1.1501,Self,"4,8,9",1.1396,Self,"4,5,7",1.0885,Self
1997-01-28,"2,5,9",1.2383,Forced3Match,"2,5,8",1.1592,Self,"1,5,9",1.155,Self,"4,8,9",1.1396,Self,,,
1997-01-31,"4,5,7",1.0948,Self,"1,8,8",1.169,Forced3Match,"2,5,8",1.1634,Self,"1,5,9",1.1592,Self,"4,8,9",1.1417,Self
1997-02-04,"4,5,9",1.0997,PPO,"2,5,8",1.1683,Self,"1,5,9",1.1613,Self,"4,8,9",1.1459,Self,"3,6,7",1.0234,PPO
1997-02-07,"6,7,9",1.064,PPO,"2,5,8",1.1683,Self,"1,5,9",1.1634,Self,"4,8,9",1.148,Self,"7,8,9",1.0892,PPO
1997-02-11,"2,7,8",1.0913,PPO,"1,5,9",1.1662,Self,"4,8,9",1.1529,Self,"2,7,9",1.113,PPO,"3,6,7",1.0234,PPO
1997-02-14,"4,5,9",1.1004,PPO,"2,5,8",1.1704,Self,"1,5,9",1.1662,Self,"4,8,9",1.155,Self,"1,5,8",0.6111,Unknown
1997-02-18,"4,5,9",1.2061,Forced3Match,"2,5,8",1.1746,Self,"1,5,9",1.1683,Self,"4,8,9",1.155,Self,"1,8,9",1.1291,PPO
1997-02-21,"3,7,8",1.0577,PPO,"2,5,8",1.1767,Self,"1,5,9",1.1725,Self,"4,8,9",1.1592,Self,"4,5,7",1.106,Self
1997-02-25,"1,8,9",1.1193,PPO,"2,5,8",1.1795,Self,"1,5,9",1.1746,Self,"4,8,9",1.1592,Self,"4,5,7",1.1081,Self
1997-02-28,"2,6,9",1.1256,PPO,"2,5,8",1.2292,Forced3Match,"1,5,9",1.1767,Self,"4,5,7",1.1102,Self,"1,6,8",1.0619,PPO
1997-03-04,"2,5,9",1.155,PPO,"2,5,8",1.1858,Self,"1,5,9",1.1795,Self,"4,8,9",1.1613,Self,"1,6,9",1.0955,PPO
1997-03-07,"4,6,8",1.155,Forced3Match,"2,5,8",1.1879,Self,"1,5,9",1.1795,Self,"4,8,9",1.1634,Self,"4,5,7",1.113,Self
